source,target,player_count
Algeria,Al-Ahli,1
Algeria,Al-Duhail,1
Algeria,Al-Ittihad,1
Algeria,Bayer Leverkusen,1
Algeria,Borussia Dortmund,1
Algeria,Charleroi,1
Algeria,Eintracht Frankfurt,1
Algeria,Espérance de Tunis,1
Algeria,Feyenoord,1
Algeria,Frosinone,1
Algeria,Granada,1
Algeria,Győri ETO,1
Algeria,Hellas Verona,1
Algeria,JS Kabylie,1
Algeria,Lille,2
Algeria,Manchester City,1
Algeria,Marseille,1
Algeria,Nice,1
Algeria,Paris FC,1
Algeria,Stade Nyonnais,1
Algeria,Twente,1
Algeria,USM Alger,2
Algeria,VfL Wolfsburg,1
Algeria,Young Boys,1
Argentina,Aston Villa,1
Argentina,Atlético Madrid,6
Argentina,Bayer Leverkusen,1
Argentina,Benfica,1
Argentina,Boca Juniors,1
Argentina,Chelsea,1
Argentina,Como,1
Argentina,Inter Miami CF,2
Argentina,Inter Milan,1
Argentina,Liverpool,1
Argentina,Lyon,1
Argentina,Manchester United,1
Argentina,Marseille,3
Argentina,Palmeiras,1
Argentina,Real Betis,1
Argentina,River Plate,1
Argentina,Strasbourg,1
Argentina,Tottenham Hotspur,1
Australia,APOEL,1
Australia,Albirex Niigata,1
Australia,Castellón,1
Australia,Colorado Rapids,1
Australia,FC St. Pauli,2
Australia,Feyenoord,1
Australia,GAK,1
Australia,Heart of Midlothian,1
Australia,Heracles Almelo,1
Australia,Leicester City,1
Australia,Levante,1
Australia,Machida Zelvia,1
Australia,Melbourne City,3
Australia,Melbourne Victory,1
Australia,New York City FC,2
Australia,Norwich City,1
Australia,Parma,1
Australia,Randers,1
Australia,Sassuolo,1
Australia,Swansea City,1
Australia,Sydney FC,1
Australia,Watford,1
Austria,Bayern Munich,1
Austria,Borussia Dortmund,2
Austria,Braga,1
Austria,Brøndby,1
Austria,Elche,1
Austria,FC Augsburg,1
Austria,LASK,1
Austria,Mainz 05,2
Austria,PSV Eindhoven,1
Austria,RB Leipzig,2
Austria,Real Madrid,1
Austria,Red Bull Salzburg,1
Austria,Red Star Belgrade,1
Austria,SC Freiburg,1
Austria,TSG Hoffenheim,1
Austria,Tottenham Hotspur,1
Austria,Venezia,1
Austria,VfL Wolfsburg,1
Austria,Viktoria Plzeň,1
Austria,Werder Bremen,2
Austria,Wolfsberger AC,1
Belgium,Arsenal,1
Belgium,Aston Villa,2
Belgium,Atalanta,1
Belgium,Benfica,1
Belgium,Brighton & Hove Albion,1
Belgium,Club Brugge,3
Belgium,Eintracht Frankfurt,1
Belgium,Fulham,1
Belgium,Girona,1
Belgium,Lille,3
Belgium,Manchester City,1
Belgium,Manchester United,1
Belgium,Milan,2
Belgium,Napoli,2
Belgium,Rangers,1
Belgium,Real Madrid,1
Belgium,Sporting CP,1
Belgium,Strasbourg,2
Bosnia and Herzegovina,Astana,1
Bosnia and Herzegovina,Atalanta,1
Bosnia and Herzegovina,Benfica,1
Bosnia and Herzegovina,Borac Banja Luka,1
Bosnia and Herzegovina,Borussia Mönchengladbach,1
Bosnia and Herzegovina,Brøndby,1
Bosnia and Herzegovina,FC St. Pauli,1
Bosnia and Herzegovina,Gaziantep,1
Bosnia and Herzegovina,Hull City,1
Bosnia and Herzegovina,Jagiellonia Białystok,1
Bosnia and Herzegovina,Karlsruher SC,1
Bosnia and Herzegovina,Lens,1
Bosnia and Herzegovina,PSV Eindhoven,1
Bosnia and Herzegovina,Pafos,1
Bosnia and Herzegovina,Red Bull Salzburg,1
Bosnia and Herzegovina,Rijeka,2
Bosnia and Herzegovina,Sampdoria,1
Bosnia and Herzegovina,Sassuolo,1
Bosnia and Herzegovina,Schalke 04,2
Bosnia and Herzegovina,Slovan Liberec,1
Bosnia and Herzegovina,Universitatea Cluj,1
Bosnia and Herzegovina,VfB Stuttgart,1
Bosnia and Herzegovina,Viktoria Plzeň,1
Bosnia and Herzegovina,Young Boys,1
Brazil,Al-Ahli,1
Brazil,Al-Ittihad,1
Brazil,Arsenal,2
Brazil,Barcelona,1
Brazil,Botafogo,1
Brazil,Bournemouth,1
Brazil,Brentford,1
Brazil,Fenerbahçe,1
Brazil,Flamengo,4
Brazil,Grêmio,1
Brazil,Juventus,1
Brazil,Liverpool,1
Brazil,Lyon,1
Brazil,Manchester United,2
Brazil,Newcastle United,1
Brazil,Paris Saint-Germain,1
Brazil,Real Madrid,1
Brazil,Roma,1
Brazil,Santos,1
Brazil,Zenit Saint Petersburg,2
Canada,Anderlecht,1
Canada,Barnsley,1
Canada,Bayern Munich,1
Canada,Celtic,1
Canada,Chicago Fire FC,1
Canada,Dender,1
Canada,Hajduk Split,1
Canada,Hull City,1
Canada,Inter Miami CF,1
Canada,Juventus,1
Canada,Los Angeles FC,3
Canada,Middlesbrough,1
Canada,Nice,1
Canada,Norwich City,1
Canada,Orlando City SC,1
Canada,Rangers,1
Canada,Sassuolo,1
Canada,Southampton,1
Canada,Toronto FC,2
Canada,Union Saint-Gilloise,1
Canada,Villarreal,2
Cape Verde,Akron Tolyatti,1
Cape Verde,Al Bataeh,1
Cape Verde,Apollon Limassol,1
Cape Verde,Benfica,1
Cape Verde,Casa Pia,1
Cape Verde,Chaves,1
Cape Verde,Columbus Crew,1
Cape Verde,Estrela Amadora,1
Cape Verde,FCSB,1
Cape Verde,Farense,1
Cape Verde,Iğdır,1
Cape Verde,Krasnodar,1
Cape Verde,Ludogorets Razgrad,1
Cape Verde,Maccabi Tel Aviv,1
Cape Verde,Montana,1
Cape Verde,Omonia,1
Cape Verde,PEC Zwolle,1
Cape Verde,Puskás Akadémia,1
Cape Verde,SJK,1
Cape Verde,San Diego FC,1
Cape Verde,Shamrock Rovers,1
Cape Verde,Torreense,1
Cape Verde,Trabzonspor,1
Cape Verde,Villarreal,1
Cape Verde,Vitória de Guimarães,1
Cape Verde,İstanbul Başakşehir,1
Colombia,Athletico Paranaense,1
Colombia,Atlas,1
Colombia,Atlético Nacional,1
Colombia,Bayern Munich,1
Colombia,Benfica,1
Colombia,Bologna,1
Colombia,Cagliari,1
Colombia,Cruz Azul,1
Colombia,Crystal Palace,2
Colombia,Flamengo,1
Colombia,Galatasaray,1
Colombia,Independiente,1
Colombia,Krasnodar,1
Colombia,Mallorca,1
Colombia,Minnesota United FC,1
Colombia,Nantes,1
Colombia,Palmeiras,1
Colombia,Racing Santander,1
Colombia,Real Betis,1
Colombia,River Plate,2
Colombia,Rosario Central,1
Colombia,Sporting CP,1
Colombia,Vasco da Gama,1
Colombia,Vélez Sarsfield,1
Croatia,Ajax,1
Croatia,Atalanta,1
Croatia,Bayern Munich,1
Croatia,Bologna,1
Croatia,Como,1
Croatia,Copenhagen,1
Croatia,Dinamo Zagreb,1
Croatia,FC Augsburg,1
Croatia,FC Dallas,1
Croatia,Fiorentina,1
Croatia,Hamburger SV,1
Croatia,Hull City,1
Croatia,Inter Milan,1
Croatia,Manchester City,2
Croatia,Midtjylland,1
Croatia,Milan,1
Croatia,Orlando City SC,1
Croatia,Osasuna,1
Croatia,PSV Eindhoven,1
Croatia,Real Sociedad,2
Croatia,Rijeka,1
Croatia,SC Freiburg,1
Croatia,TSG Hoffenheim,1
Croatia,Torino,1
Curaçao,Abha,1
Curaçao,Beveren,1
Curaçao,Den Bosch,1
Curaçao,Iğdır,1
Curaçao,Kayserispor,1
Curaçao,Kifisia,1
Curaçao,Konyaspor,1
Curaçao,Maccabi Haifa,1
Curaçao,Miami FC,2
Curaçao,Middlesbrough,1
Curaçao,NEC,1
Curaçao,PEC Zwolle,1
Curaçao,PSV Eindhoven,1
Curaçao,RKC Waalwijk,2
Curaçao,Rotherham United,1
Curaçao,Sheffield United,1
Curaçao,Sparta Rotterdam,1
Curaçao,Telstar,2
Curaçao,Terengganu,1
Curaçao,VVV-Venlo,1
Curaçao,Volendam,2
Curaçao,Zürich,1
Czech Republic,Bayer Leverkusen,1
Czech Republic,Braga,1
Czech Republic,Hradec Králové,1
Czech Republic,Lyon,1
Czech Republic,PSV Eindhoven,1
Czech Republic,Slavia Prague,10
Czech Republic,Sparta Prague,3
Czech Republic,TSG Hoffenheim,3
Czech Republic,Viktoria Plzeň,3
Czech Republic,West Ham United,1
Czech Republic,Wolverhampton Wanderers,1
DR Congo,AEL,2
DR Congo,Al Jazira,1
DR Congo,Alanyaspor,1
DR Congo,Aris Limassol,1
DR Congo,Atromitos,1
DR Congo,Burnley,1
DR Congo,Castellón,1
DR Congo,Espanyol,1
DR Congo,Genk,1
DR Congo,Kilmarnock,1
DR Congo,Le Havre,1
DR Congo,Lens,1
DR Congo,Lille,2
DR Congo,Montpellier,1
DR Congo,Newcastle United,1
DR Congo,Noah,1
DR Congo,Pyramids,1
DR Congo,Real Betis,1
DR Congo,Spartak Moscow,1
DR Congo,Standard Liège,1
DR Congo,Sunderland,1
DR Congo,Watford,1
DR Congo,West Ham United,1
DR Congo,Widzew Łódź,1
Ecuador,Antwerp,1
Ecuador,Arsenal,1
Ecuador,Atlético Mineiro,3
Ecuador,Chelsea,1
Ecuador,Club Brugge,1
Ecuador,Flamengo,1
Ecuador,Genk,1
Ecuador,Huracán,2
Ecuador,Independiente del Valle,1
Ecuador,Internacional,1
Ecuador,Kifisia,1
Ecuador,LDU Quito,1
Ecuador,Midtjylland,1
Ecuador,Milan,1
Ecuador,Pachuca,1
Ecuador,Paris Saint-Germain,1
Ecuador,River Plate,1
Ecuador,Sunderland,1
Ecuador,Tijuana,1
Ecuador,UNAM,1
Ecuador,Union Saint-Gilloise,1
Ecuador,Venezia,1
Ecuador,VfB Stuttgart,1
Egypt,Al Ahly,8
Egypt,Al Ain,1
Egypt,Al-Najma,1
Egypt,Al-Wakrah,1
Egypt,Barcelona,1
Egypt,El Gouna,1
Egypt,Liverpool,1
Egypt,Manchester City,1
Egypt,Nice,1
Egypt,Nordsjælland,1
Egypt,Oviedo,1
Egypt,Pyramids,3
Egypt,ZED,2
Egypt,Zamalek,3
England,Al-Ahli,1
England,Arsenal,4
England,Aston Villa,3
England,Barcelona,1
England,Bayer Leverkusen,1
England,Bayern Munich,1
England,Brentford,1
England,Chelsea,1
England,Crystal Palace,1
England,Everton,1
England,Manchester City,4
England,Manchester United,1
England,Newcastle United,3
England,Nottingham Forest,1
England,Real Madrid,1
England,Tottenham Hotspur,1
France,Al-Hilal,1
France,Arsenal,1
France,Aston Villa,1
France,Barcelona,1
France,Bayern Munich,2
France,Chelsea,1
France,Crystal Palace,2
France,Fenerbahçe,1
France,Inter Milan,1
France,Lens,1
France,Liverpool,1
France,Manchester City,1
France,Milan,2
France,Monaco,1
France,Paris Saint-Germain,5
France,Real Madrid,2
France,Rennes,1
France,Roma,1
Germany,Arsenal,1
Germany,Bayern Munich,7
Germany,Borussia Dortmund,4
Germany,Brighton & Hove Albion,1
Germany,Eintracht Frankfurt,1
Germany,Galatasaray,1
Germany,Liverpool,1
Germany,Mainz 05,1
Germany,Newcastle United,2
Germany,RB Leipzig,1
Germany,Real Madrid,1
Germany,TSG Hoffenheim,1
Germany,VfB Stuttgart,4
Ghana,Al-Qadsiah,1
Ghana,Atalanta,1
Ghana,Athletic Bilbao,1
Ghana,Auxerre,3
Ghana,Coventry City,1
Ghana,Hearts of Oak,1
Ghana,Leicester City,2
Ghana,Lyon,1
Ghana,Manchester City,1
Ghana,Nice,1
Ghana,Nordsjælland,1
Ghana,Oviedo,1
Ghana,PAOK,1
Ghana,Pafos,1
Ghana,Rayo Vallecano,1
Ghana,Rennes,1
Ghana,Saint-Étienne,1
Ghana,St Patrick's Athletic,1
Ghana,St. Gallen,1
Ghana,VfL Wolfsburg,1
Ghana,Viktoria Plzeň,1
Ghana,Villarreal,1
Ghana,İstanbul Başakşehir,1
Haiti,Almere City,1
Haiti,Angers,1
Haiti,Auxerre,1
Haiti,Bastia,1
Haiti,Colorado Springs Switchbacks FC,1
Haiti,Cosmos Koblenz,1
Haiti,El Paso Locomotive FC,1
Haiti,Esteghlal,1
Haiti,FC Dallas,1
Haiti,Ferencváros,1
Haiti,Gent,1
Haiti,LDU Quito,1
Haiti,Lugano,1
Haiti,Nancy,1
Haiti,Philadelphia Union,1
Haiti,Sochaux,1
Haiti,Sunderland,1
Haiti,Tatran Prešov,1
Haiti,Toronto FC,1
Haiti,Violette,1
Haiti,Vizela,2
Haiti,Wolverhampton Wanderers,1
Haiti,Young Boys,1
Haiti,Zulte Waregem,1
Haiti,Çaykur Rizespor,1
Iran,Al Nasr,1
Iran,Al Wahda,1
Iran,Dender,1
Iran,Esteghlal,3
Iran,Foolad,2
Iran,Kalba,2
Iran,Malavan,1
Iran,Olympiacos,1
Iran,Persepolis,4
Iran,Rostov,1
Iran,Sepahan,3
Iran,Shabab Al Ahli,1
Iran,Standard Liège,1
Iran,Tractor,4
Iraq,AEK Larnaca,1
Iraq,AGF,1
Iraq,Al Dhafra,1
Iraq,Al-Karma,1
Iraq,Al-Najma,1
Iraq,Al-Shorta,4
Iraq,Al-Talaba,3
Iraq,Al-Zawraa,2
Iraq,Cracovia,1
Iraq,Dibba,1
Iraq,Luton Town,1
Iraq,Nashville SC,1
Iraq,Pakhtakor,1
Iraq,Persib,1
Iraq,Pogoń Szczecin,1
Iraq,Port,1
Iraq,Sarpsborg 08,1
Iraq,Utrecht,1
Iraq,Venezia,1
Iraq,Viktoria Plzeň,1
Ivory Coast,Al-Ahli,1
Ivory Coast,Atalanta,1
Ivory Coast,Beşiktaş,1
Ivory Coast,Cercle Brugge,1
Ivory Coast,Charleroi,2
Ivory Coast,Crystal Palace,1
Ivory Coast,Galatasaray,1
Ivory Coast,Gil Vicente,1
Ivory Coast,Inter Milan,1
Ivory Coast,Manchester United,1
Ivory Coast,Maribor,1
Ivory Coast,Monaco,1
Ivory Coast,Nice,1
Ivory Coast,Nottingham Forest,1
Ivory Coast,Panathinaikos,1
Ivory Coast,Porto,1
Ivory Coast,RB Leipzig,1
Ivory Coast,Roma,1
Ivory Coast,Sporting CP,1
Ivory Coast,Strasbourg,1
Ivory Coast,TSG Hoffenheim,1
Ivory Coast,Trabzonspor,1
Ivory Coast,Villarreal,1
Ivory Coast,Çaykur Rizespor,1
Ivory Coast,İstanbul Başakşehir,1
Japan,Ajax,2
Japan,Bayern Munich,1
Japan,Celtic,1
Japan,Copenhagen,1
Japan,Crystal Palace,1
Japan,Eintracht Frankfurt,1
Japan,FC Tokyo,1
Japan,Feyenoord,2
Japan,Genk,1
Japan,Kashima Antlers,1
Japan,Le Havre,1
Japan,Leeds United,1
Japan,Liverpool,1
Japan,Mainz 05,1
Japan,NEC,1
Japan,Parma,1
Japan,Real Sociedad,1
Japan,Reims,1
Japan,SC Freiburg,1
Japan,Sanfrecce Hiroshima,1
Japan,Sint-Truiden,2
Japan,VfL Wolfsburg,1
Japan,Werder Bremen,1
Jordan,Al-Faisaly,3
Jordan,Al-Hussein,6
Jordan,Al-Karma,2
Jordan,Al-Quwa Al-Jawiya,1
Jordan,Al-Sailiya,1
Jordan,Al-Shabab,1
Jordan,Al-Wehdat,2
Jordan,Al-Zawraa,2
Jordan,FC Seoul,1
Jordan,Lokomotiva Zagreb,1
Jordan,Pyramids,1
Jordan,Qatar SC,1
Jordan,Raja Casablanca,1
Jordan,Rennes,1
Jordan,Selangor,2
Mexico,AEK Athens,1
Mexico,AEL Limassol,1
Mexico,AZ,1
Mexico,Al-Qadsiah,1
Mexico,América,1
Mexico,Anderlecht,1
Mexico,Atlético Madrid,1
Mexico,Cruz Azul,1
Mexico,Dynamo Moscow,1
Mexico,Fenerbahçe,1
Mexico,Fulham,1
Mexico,Genoa,1
Mexico,Guadalajara,5
Mexico,Lokomotiv Moscow,1
Mexico,Milan,1
Mexico,PAOK,1
Mexico,Real Betis,1
Mexico,Santos Laguna,1
Mexico,Tijuana,1
Mexico,Toluca,2
Mexico,UNAM,1
Morocco,AS FAR,1
Morocco,Al Ahly,1
Morocco,Al Ain,1
Morocco,Al-Hilal,1
Morocco,Crystal Palace,1
Morocco,Eintracht Frankfurt,1
Morocco,Fulham,1
Morocco,Genk,1
Morocco,Girona,1
Morocco,Lille,1
Morocco,Manchester United,1
Morocco,Marseille,1
Morocco,Mechelen,1
Morocco,Olympiacos,1
Morocco,PSV Eindhoven,2
Morocco,Paris Saint-Germain,1
Morocco,RS Berkane,1
Morocco,Real Betis,2
Morocco,Real Madrid,1
Morocco,Roma,1
Morocco,Strasbourg,2
Morocco,Sunderland,1
Morocco,VfB Stuttgart,1
Netherlands,Ajax,1
Netherlands,Arsenal,1
Netherlands,Atalanta,1
Netherlands,Barcelona,1
Netherlands,Bayer Leverkusen,1
Netherlands,Bournemouth,1
Netherlands,Brighton & Hove Albion,3
Netherlands,Chelsea,1
Netherlands,Corinthians,1
Netherlands,Galatasaray,1
Netherlands,Inter Milan,1
Netherlands,Juventus,1
Netherlands,Liverpool,3
Netherlands,Manchester City,2
Netherlands,Marseille,1
Netherlands,PSV Eindhoven,1
Netherlands,Roma,1
Netherlands,Sunderland,2
Netherlands,Tottenham Hotspur,1
Netherlands,West Ham United,1
New Zealand,Auckland FC,5
New Zealand,Braintree Town,1
New Zealand,Lechia Gdańsk,1
New Zealand,Millwall,1
New Zealand,Minnesota United FC,1
New Zealand,Motherwell,1
New Zealand,Newcastle Jets,1
New Zealand,Nottingham Forest,1
New Zealand,PEC Zwolle,1
New Zealand,Peterborough United,1
New Zealand,Port Vale,1
New Zealand,Portland Timbers,1
New Zealand,Saint-Étienne,1
New Zealand,Sheffield United,1
New Zealand,Silkeborg,1
New Zealand,Swansea City,1
New Zealand,Viking,1
New Zealand,Wellington Phoenix,3
New Zealand,Western Sydney Wanderers,1
New Zealand,Wrexham,1
Norway,Arsenal,1
Norway,Atlético Madrid,1
Norway,Benfica,2
Norway,Bodø/Glimt,3
Norway,Bologna,1
Norway,Borussia Dortmund,1
Norway,Brentford,1
Norway,Cremonese,1
Norway,Crystal Palace,1
Norway,Derby County,1
Norway,Fulham,2
Norway,Genoa,1
Norway,Hamburger SV,1
Norway,Manchester City,1
Norway,RB Leipzig,1
Norway,Rangers,1
Norway,Sassuolo,1
Norway,Sevilla,1
Norway,Torino,1
Norway,Viking,1
Norway,Watford,1
Norway,Wolverhampton Wanderers,1
Panama,Al-Fayha,1
Panama,Beşiktaş,1
Panama,Cobresal,1
Panama,Deportivo La Guaira,1
Panama,Ironi Kiryat Shmona,1
Panama,Juárez,1
Panama,LASK,1
Panama,León,1
Panama,Marathón,1
Panama,Mazatlán,1
Panama,Minnesota United FC,1
Panama,Nacional,1
Panama,Norwich City,1
Panama,Pari Nizhny Novgorod,1
Panama,Plaza Amador,2
Panama,Puerto Cabello,1
Panama,San Diego FC,1
Panama,Saprissa,2
Panama,Slovan Bratislava,1
Panama,Turan Tovuz,1
Panama,UNAM,1
Panama,Universidad Católica,2
Panama,Universidad de Concepción,1
Paraguay,Al Ain,1
Paraguay,Atlanta United FC,2
Paraguay,Atlético Mineiro,1
Paraguay,Brighton & Hove Albion,1
Paraguay,Cerro Porteño,2
Paraguay,Cremonese,1
Paraguay,Dynamo Moscow,1
Paraguay,Grêmio,1
Paraguay,Independiente,1
Paraguay,Independiente Rivadavia,1
Paraguay,Lanús,1
Paraguay,Olimpia,1
Paraguay,Orlando City SC,1
Paraguay,Palmeiras,3
Paraguay,Portsmouth,1
Paraguay,Red Bull Bragantino,1
Paraguay,San Lorenzo,1
Paraguay,Strasbourg,1
Paraguay,Sunderland,1
Paraguay,São Paulo,1
Paraguay,Talleres,1
Paraguay,Vancouver Whitecaps FC,1
Portugal,Al-Hilal,1
Portugal,Al-Nassr,2
Portugal,Barcelona,1
Portugal,Benfica,1
Portugal,Chelsea,1
Portugal,Fenerbahçe,1
Portugal,Juventus,1
Portugal,Mallorca,1
Portugal,Manchester City,3
Portugal,Manchester United,2
Portugal,Milan,1
Portugal,Paris Saint-Germain,4
Portugal,Porto,1
Portugal,Real Sociedad,1
Portugal,Sporting CP,3
Portugal,Villarreal,1
Portugal,Wolverhampton Wanderers,1
Qatar,Al-Arabi,3
Qatar,Al-Duhail,6
Qatar,Al-Gharafa,3
Qatar,Al-Rayyan,4
Qatar,Al-Sadd,5
Qatar,Al-Shamal,1
Qatar,Al-Wakrah,3
Qatar,Cultural Leonesa,1
Saudi Arabia,Al-Ahli,3
Saudi Arabia,Al-Ettifaq,1
Saudi Arabia,Al-Hilal,7
Saudi Arabia,Al-Ittihad,2
Saudi Arabia,Al-Nassr,6
Saudi Arabia,Al-Qadsiah,4
Saudi Arabia,Al-Ula,1
Saudi Arabia,Lens,1
Saudi Arabia,Neom,1
Scotland,Al-Ettifaq,1
Scotland,Aston Villa,1
Scotland,Bologna,1
Scotland,Bournemouth,2
Scotland,Brentford,1
Scotland,Celtic,2
Scotland,Charlton Athletic,1
Scotland,Dinamo Zagreb,1
Scotland,Everton,1
Scotland,Heart of Midlothian,2
Scotland,Hibernian,1
Scotland,Ipswich Town,1
Scotland,Kilmarnock,1
Scotland,Liverpool,1
Scotland,Manchester United,1
Scotland,Napoli,1
Scotland,Norwich City,1
Scotland,Nottingham Forest,1
Scotland,Rangers,2
Scotland,Southampton,1
Scotland,Torino,1
Scotland,Wrexham,1
Senegal,Al-Ahli,1
Senegal,Al-Hilal,1
Senegal,Al-Nassr,1
Senegal,Bayern Munich,2
Senegal,Chelsea,1
Senegal,Como,1
Senegal,Crystal Palace,1
Senegal,Everton,2
Senegal,Galatasaray,1
Senegal,Le Havre,1
Senegal,Lorient,1
Senegal,Lyon,1
Senegal,Maccabi Haifa,1
Senegal,Monaco,2
Senegal,Nice,2
Senegal,Paris Saint-Germain,1
Senegal,Rayo Vallecano,1
Senegal,Samsunspor,1
Senegal,Sunderland,1
Senegal,Tottenham Hotspur,1
Senegal,Villarreal,1
Senegal,West Ham United,1
South Africa,AEL Limassol,1
South Africa,Burnley,1
South Africa,Chicago Fire FC,1
South Africa,Hannover 96,1
South Africa,Kaizer Chiefs,1
South Africa,Mamelodi Sundowns,8
South Africa,Molde,1
South Africa,Orlando Pirates,8
South Africa,Philadelphia Union,1
South Africa,Polokwane City,1
South Africa,Siwelele,1
South Africa,Tondela,1
South Korea,Austria Wien,1
South Korea,Bayern Munich,1
South Korea,Beşiktaş,1
South Korea,Birmingham City,1
South Korea,Borussia Mönchengladbach,1
South Korea,Celtic,1
South Korea,Daejeon Hana Citizen,1
South Korea,FC Tokyo,1
South Korea,Feyenoord,1
South Korea,Gangwon FC,1
South Korea,Jeonbuk Hyundai Motors,3
South Korea,Kashima Antlers,1
South Korea,Los Angeles FC,1
South Korea,Mainz 05,1
South Korea,Midtjylland,2
South Korea,Paris Saint-Germain,1
South Korea,Red Star Belgrade,1
South Korea,Stoke City,1
South Korea,Swansea City,1
South Korea,Ulsan HD,2
South Korea,Wolverhampton Wanderers,1
South Korea,Zhejiang,1
Spain,Arsenal,3
Spain,Athletic Bilbao,3
Spain,Atlético Madrid,3
Spain,Barcelona,8
Spain,Bayer Leverkusen,1
Spain,Celta Vigo,1
Spain,Chelsea,1
Spain,Crystal Palace,1
Spain,Manchester City,1
Spain,Osasuna,1
Spain,Paris Saint-Germain,1
Spain,Real Sociedad,1
Spain,Tottenham Hotspur,1
Sweden,AIK,1
Sweden,Arsenal,1
Sweden,Aston Villa,1
Sweden,Atalanta,1
Sweden,Borussia Dortmund,1
Sweden,Braga,1
Sweden,Brighton & Hove Albion,1
Sweden,Burnley,1
Sweden,Celta Vigo,1
Sweden,Celtic,1
Sweden,Club Brugge,1
Sweden,Derby County,1
Sweden,FC Dallas,1
Sweden,FC St. Pauli,1
Sweden,Holstein Kiel,1
Sweden,Leeds United,1
Sweden,Liverpool,1
Sweden,Malmö FF,1
Sweden,Mjällby AIF,1
Sweden,Newcastle United,1
Sweden,Pafos,1
Sweden,Stoke City,1
Sweden,Tottenham Hotspur,1
Sweden,Udinese,1
Sweden,Union Saint-Gilloise,1
Sweden,VfL Wolfsburg,1
Switzerland,Bologna,1
Switzerland,Borussia Dortmund,1
Switzerland,Borussia Mönchengladbach,1
Switzerland,Burnley,1
Switzerland,Eintracht Frankfurt,1
Switzerland,FC Augsburg,1
Switzerland,Fortuna Düsseldorf,1
Switzerland,Hamburger SV,1
Switzerland,Inter Milan,1
Switzerland,Leeds United,1
Switzerland,Lorient,1
Switzerland,Mainz 05,1
Switzerland,Milan,1
Switzerland,Monaco,1
Switzerland,Nottingham Forest,1
Switzerland,Pisa,1
Switzerland,Real Betis,1
Switzerland,Rennes,1
Switzerland,SC Freiburg,1
Switzerland,Sevilla,2
Switzerland,Sunderland,1
Switzerland,Valencia,1
Switzerland,VfB Stuttgart,1
Switzerland,Young Boys,2
Tunisia,Burnley,1
Tunisia,CS Sfaxien,1
Tunisia,Celtic,1
Tunisia,Club Africain,2
Tunisia,Copenhagen,1
Tunisia,Dynamo Makhachkala,1
Tunisia,Eintracht Frankfurt,1
Tunisia,Espérance de Tunis,1
Tunisia,FC Augsburg,1
Tunisia,Hannover 96,1
Tunisia,IFK Norrköping,1
Tunisia,Kasımpaşa,2
Tunisia,Lorient,1
Tunisia,Lugano,1
Tunisia,Maribor,1
Tunisia,Nice,1
Tunisia,Norwich City,1
Tunisia,Paris Saint-Germain,1
Tunisia,Servette,1
Tunisia,US Monastir,1
Tunisia,Union Berlin,1
Tunisia,Vancouver Whitecaps FC,1
Tunisia,Young Boys,1
Tunisia,Étoile du Sahel,1
Turkey,Al-Ahli,1
Turkey,Beşiktaş,1
Turkey,Borussia Dortmund,1
Turkey,Brighton & Hove Albion,1
Turkey,Eintracht Frankfurt,1
Turkey,Fenerbahçe,6
Turkey,Galatasaray,6
Turkey,Inter Milan,1
Turkey,Juventus,1
Turkey,Kasımpaşa,1
Turkey,Manchester United,1
Turkey,Porto,1
Turkey,Real Madrid,1
Turkey,Roma,1
Turkey,TSG Hoffenheim,1
Turkey,Çaykur Rizespor,1
United States,América,1
United States,Bayer Leverkusen,1
United States,Borussia Mönchengladbach,2
United States,Bournemouth,1
United States,Celtic,1
United States,Charlotte FC,1
United States,Chicago Fire FC,1
United States,Columbus Crew,1
United States,Coventry City,1
United States,Crystal Palace,1
United States,FC Cincinnati,1
United States,Fulham,1
United States,Juventus,1
United States,Leeds United,1
United States,Marseille,1
United States,Milan,1
United States,Monaco,1
United States,New England Revolution,1
United States,New York City FC,1
United States,PSV Eindhoven,2
United States,Seattle Sounders FC,1
United States,Toulouse,1
United States,Vancouver Whitecaps FC,1
United States,Villarreal,1
Uruguay,Al-Hilal,1
Uruguay,América,2
Uruguay,Atlético Madrid,1
Uruguay,Barcelona,1
Uruguay,Braga,1
Uruguay,Estudiantes,1
Uruguay,Flamengo,3
Uruguay,Fluminense,1
Uruguay,Internacional,1
Uruguay,Manchester United,1
Uruguay,Monterrey,1
Uruguay,Napoli,1
Uruguay,Oviedo,1
Uruguay,Palmeiras,2
Uruguay,Panathinaikos,1
Uruguay,Real Madrid,1
Uruguay,Real Salt Lake,1
Uruguay,River Plate,1
Uruguay,Sporting CP,1
Uruguay,Tottenham Hotspur,1
Uruguay,UANL,1
Uruguay,Wolverhampton Wanderers,1
Uzbekistan,AGMK,1
Uzbekistan,Al Bataeh,1
Uzbekistan,Baniyas,1
Uzbekistan,Bukhara,1
Uzbekistan,Dibba,1
Uzbekistan,Dinamo Samarqand,2
Uzbekistan,Esteghlal,2
Uzbekistan,Manchester City,1
Uzbekistan,Nasaf,3
Uzbekistan,Navbahor Namangan,1
Uzbekistan,Neftchi Fergana,3
Uzbekistan,Pakhtakor,3
Uzbekistan,Persepolis,2
Uzbekistan,Surkhon Termiz,1
Uzbekistan,Tractor,1
Uzbekistan,İstanbul Başakşehir,2
